Who?	누구?
Hello!	안녕!
Hi!	안녕!
No way!	절대 아니야.
Not at all.	절대 아니야.
No way!	그럴리가!
No way!	말도 안돼!
I'm sad.	슬퍼.
I'm sad.	나 슬퍼.
Me, too.	나도.
Me, too.	나도 그래
Perfect!	완벽해!
Shut up!	시끄러워!
Shut up!	입 다물어!
Welcome.	어서오세요.
Welcome.	환영합니다.
Cheer up!	힘내!
Get lost.	꺼져.
I'm ugly.	나는 못 생겼다.
It hurts.	아파.
Let's go!	가자!
Let's go!	어서 가자!
Don't lie.	거짓말 하지 마.
Don't lie.	거짓말 하지 마세요.
I'm sorry.	미안해.
I'm sorry.	미안해요.
I'm sorry.	죄송합니다.
I'm sorry.	유감입니다.
Of course.	물론이죠.
Seriously?	진심이야?
Take care.	몸조심하세요.
Be careful!	조심해!
He is nice.	그는 착하다.
Hold still.	가만히 있으세요.
Hold still.	가만히 있어.
How lovely!	어찌나 사랑스러운지!
I felt bad.	난 기분이 나빴다.
Is that OK?	괜찮은 거예요?
Is that OK?	괜찮겠어?
Love hurts.	사랑은 아프다.
Boys do cry.	남자애도 운다.
I don't lie.	나는 거짓말 하지 않습니다.
I don't lie.	난 거짓말 안해.
I don't lie.	나는 거짓말 하지 않아.
I'm nervous.	긴장돼요.
I'm nervous.	떨려요.
I'm shocked.	충격이야.
It's a pity.	안타까워요.
What's that?	저건 뭐야?
You're mine.	넌 내 거야.
You're mine.	당신은 나의 것입니다.
Blood is red.	피는 붉다.
Blood is red.	피는 빨갛다
Come quickly!	빨리 와!
Come quickly!	빨리 오세요!
Come quickly!	어서 이리 오세요!
Don't eat it.	먹지 마.
I don't know.	나는 몰라요.
I don't know.	난 몰라.
I hate liars.	난 거짓말쟁이가 싫어.
I hate liars.	나는 거짓말쟁이가 싫다.
I need money.	돈이 필요해요.
I need money.	난 돈이 필요하다.
Is that okay?	괜찮은 거예요?
Is that okay?	괜찮겠어요?
Is this mine?	이거 내꺼니?
Is this mine?	이거 내꺼야?
Is this wine?	이게 와인이야?
It's suicide.	자살입니다.
It's suicide.	자살이다.
Just keep it.	그냥 그거 가져.
We don't lie.	우리는 거짓말을 하지 않아요.
We don't lie.	우린 거짓말 안해.
We're inside.	우리 안에 들어와 있어.
We're inside.	우린 안에 있어요.
What is that?	저것은 무엇입니까?
Can I ask why?	이유를 물어봐도 돼?
Grab the rope.	로프를 잡으세요.
I am homesick.	나 향수병 걸렸어.
I can't sleep.	잠이 와.
I feel guilty.	죄책감이 들어.
I hate myself.	나는 내 자신이 싫어.
I smell blood.	피 냄새가 납니다.
I use Firefox.	나는 파이어폭스를 사용해.
I want to die.	죽고 싶어요.
I want to die.	죽고 싶어.
I'll kill him.	나는 그를 죽일 것이다.
I'm depressed.	우울해.
Is that blood?	그거 피야?
My head hurts.	머리가 아파요.
We want peace.	우리는 평화를 원합니다.
Autumn is here.	가을이 되었습니다.
Autumn is here.	가을이 왔어요.
Can I help you?	제가 좀 도와 드릴까요?
Do you hear me?	제 말이 들리세요?
He was hard up.	그는 돈에 쪼들리고 있었다.
I don't buy it.	못 믿어.
I like reading.	독서를 좋아합니다.
I love lasagna.	저는 라자냐를 좋아해요.
I love my home.	난 내 집이 좋아.
I study Korean.	한국말을 공부합니다.
I'm very sorry.	정말 미안해.
I'm very sorry.	정말 죄송합니다.
Keep Tom there.	톰은 여기에 두세요.
Only God knows.	신만이 아실 것입니다.
Read this book.	이 책 읽어.
Read this book.	이 책을 읽으세요.
Sorry I'm late.	늦어서 미안해.
That's suicide.	그것은 자살입니다.
Boil some water.	물 좀 끓여.
Can you help me?	저를 좀 도와 주실래요?
Congratulations!	축하해!
Do you like rap?	랩 좋아해요?
Do you like rap?	랩 좋아해?
Don't lie to me.	내게 거짓말 하지 마.
Don't lie to me.	제게 거짓말 하지 마세요.
Don't lie to us.	우리에게 거짓말 하지 마.
Don't lie to us.	저희에게 거짓말 하지 마세요.
Drive carefully.	운전 조심하세요.
Drive carefully.	운전 조심해.
Have a good day.	좋은하루 되세요.
He came at dawn.	그는 새벽에 왔다.
He is depressed.	그는 우울하다.
He loves trains.	그는 열차를 좋아한다.
I hate funerals.	장례식이 싫어.
I hate my voice.	나는 내 목소리가 싫다.
I know Tom well.	나는 톰을 잘 안다.
I was convicted.	나는 유죄 판결을 받았다.
I work at a zoo.	나는 동물원에서 일해.
I'm heartbroken.	제 마음이 아파요.
It doesn't hurt.	아프지 않아.
Keep the change.	잔돈은 가지세요.
My blood boiled.	내 피가 끓었다.
She's depressed.	그녀는 우울하다.
Sorry, I'm late.	늦어서 미안합니다.
The bag is full.	가방이 꽉 찼습니다.
There was blood.	피가 있었다.
They want peace.	그들은 평화를 원한다.
They were naive.	걔들이 순진했어.
This is suicide!	이것은 자살입니다.
Tom was too old.	톰은 너무 늙었어.
What time is it?	몇시 입니까?
Are you sleeping?	자고 있어?
Call this number.	이 번호로 전화해.
Do you like fish?	생선 좋아해요?
Do you like fish?	생선 좋아해?
Do you like fish?	물고기 좋아하나요?
Do you like fish?	물고기 좋아해?
Drink some water.	물 좀 마셔.
He loves singing.	그는 노래하기를 좋아한다.
Her hair is long.	그녀의 머리카락은 길어.
Her hair is long.	그녀의 머리카락은 길다.
Here is the bill.	여기 계산서 입니다.
I felt very safe.	나는 매우 안전하다고 느꼈다.
I like languages.	언어를 좋아합니다.
I like languages.	언어가 좋습니다.
I live in Turkey.	터키에 살아요.
I lost my wallet.	지갑을 잃어버렸어.
I missed the bus.	버스를 놓쳤어요.
I said I'm sorry.	미안하다고 했잖아.
I said I'm sorry.	미안하다고 했잖아요.
I'm not suicidal.	나는 자살하고 싶지 않다.
Is the bank open?	은행 문 열었어요?
Is the bank open?	은행 해요?
There aren't any.	없다.
They're amateurs.	걔네 초짜야.
Think about this.	생각 좀 해봐.
Tom isn't skinny.	톰은 마르지 않았다.
Water the plants.	식물에 물을 주세요.
We can't give up.	우리는 포기할 수 없어.
We can't give up.	포기할 수 없어요.
What do you like?	무엇을 좋아하세요?
What do you like?	뭘 좋아해?
What do you like?	뭐가 좋아?
You'll regret it.	너 후회할거야.
You'll regret it.	후회하게 될거야.
I believe in love.	난 사랑을 믿는다.
I believe in love.	나는 사랑을 믿는다.
I have a headache.	머리가 아파요.
I have a headache.	두통이 있습니다.
I was intoxicated.	술 취했었다.
I was intoxicated.	나는 술에 취해 있었다.
I won't permit it.	나는 그것을 허락하지 않을거야.
I'm a simple girl.	저는 단순한 소녀에요.
I'm a simple girl.	난 단순한 여자야.
I'm in charge now.	이제 내가 책임자야.
It's a dictionary.	이것은 사전이다.
Leave me in peace!	저를 내버려 두세요!
Leave me in peace!	방해 말아 주세요!
Look at the clock.	시계를 보세요.
Look at the clock.	시계를 봐.
May God bless you.	신께서 당신을 축복하시길.
Nobody is perfect.	그 누구도 완벽하지 않다.
Practice makes perfect.	연습은 완벽을 만든다.
She loves singing.	그녀는 노래하는 것을 좋아한다.
Take the medicine.	그 약을 먹으세요.
Take the medicine.	약을 먹어.
They're all liars.	너희 모두 거짓말쟁이다.
Tom vomited blood.	톰은 피를 토했다.
Tom won the match.	톰은 경기에서 이겼다.
Turn on the radio.	라디오를 켜세요.
Where is the bank?	그 은행은 어디에 있어요?
Where is the bank?	그 은행은 어디 있어?
Why are you lying?	왜 거짓말 하는거야?
You are beautiful.	아름다우시네요.
You can have mine.	너는 내 것을 가질 수 있다.
You're both liars.	너희 둘 다 거짓말쟁이다.
Can I see this one?	이것 좀 보여주실래요?
Don't get me wrong.	오해하지 마.
He kept me waiting.	그는 나를 기다리게 했다.
I didn't know that.	그건 몰랐어요.
I don't understand.	이해가 안돼.
I need to warn Tom.	나는 톰에게 경고해야 해.
I really like snow.	나는 눈이 정말 좋아요.
I really like snow.	난 눈이 정말 좋아.
Is that real blood?	그거 진짜 피야?
Life is never easy.	사는게 쉽지가 않아.
She has small feet.	그녀는 발이 작다.
Some water, please.	물 좀 주세요, 제발.
The night was cold.	그날 밤은 추웠어.
Tie your shoelaces.	신발끈을 묶으세요.
We were retreating.	우리는 후퇴하고 있었다.
We've been worried.	계속 걱정했어.
Whose book is this?	이것은 누구의 책입니까?
Do you like English?	영어 좋아해요?
Do you like English?	영어 좋아해?
Do you like cooking?	요리 좋아해요?
Do you like cooking?	요리 좋아해?
Do you like singing?	노래하는 거 좋아해요?
Do you like singing?	노래하는 거 좋아해?
Everybody loves her.	모두가 그녀를 사랑한다.
Everybody loves him.	모두가 그를 사랑한다.
How may I serve you?	어떻게 도와드릴까요?
I did nothing wrong.	난 잘못한 거 없어.
I do not fear death.	전 죽음이 두렵지 않습니다.
I do not fear death.	난 죽음이 두렵지 않다.
I don't know either.	나도 몰라.
I don't sleep a lot.	나는 잠이 많지 않아요.
I don't sleep a lot.	나는 많이 자지 않아요.
I don't sleep a lot.	나는 잠이 별로 없어.
I felt the same way.	동감이야.
I felt the same way.	동감이에요.
I felt the same way.	동감입니다.
I have a dictionary.	나에게 사전이 있다.
I made reservations.	예약해 뒀어요.
I made reservations.	예약해 놨어.
I'll never tell you.	나는 결코 너에게 말하지 않을 것이다.
I'll take the wheel.	내가 운전할께.
I'm still in school.	저는 아직 학교에 다녀요.
I'm still in school.	나는 아직 학교에 다녀.
I've been kidnapped.	나 유괴 당한 적 있어.
I've seen you on TV.	티비에서 봤어요.
It's not your fault.	네 탓은 아니야.
Let's do this later.	이건 좀 이따 하자.
Now I've had enough.	이제 충분히 했습니다.
Please drive slowly.	천천히 운전하세요.
That's your funeral.	그건 네 책임이야.
This is so relaxing.	이거 정말 기분 좋다.
This is so relaxing.	긴장이 풀리는데요.
This site is useful.	이 사이트는 유용합니다.
Tom looks very sick.	톰은 많이 아파보여.
Tom must be winning.	톰이 이기고 있나봐.
Was the bank closed?	은행 문 닫혀 있었어?
Was the bank closed?	은행 문은 닫혀 있었어요?
Watch your language.	입을 조심해라.
Watch your language.	입조심해라.
We had fun with Tom.	우리는 톰과 즐거운 시간을 가졌다.
What does this mean?	이게 무슨 뜻이에요?
Who taught you that?	그걸 누가 가르쳐 줬어요?
Are these yours, Tom?	탐, 이것들이 너의 것이야?
Blood was everywhere.	피가 여기저기 있었다.
Can I take a message?	메세지를 전해 드릴까요?
Did you buy cat food?	고양이 사료 샀어?
Don't lie.	거짓말 하지마세요.
Be honest.	솔직해져 보세요.
He attempted suicide.	그는 자살을 시도했다.
He committed suicide.	그는 자살했다.
He is in his library.	그는 그의 서재에 있다.
I don't want to live.	살고 싶지 않아.
I have money for you.	너에게 줄 돈이 있다.
I met Tom after work.	난 퇴근 후 톰을 만났다.
I now agree with Tom.	나는 이제 톰의 의견에 동의한다.
I was late to school.	학교에 지각했다.
I'm in the same boat.	나도 같은 처지다.
It rarely snows here.	여긴 거의 눈이 안 와.
It rarely snows here.	이곳은 눈이 거의 내리지 않습니다.
It was disappointing.	그것은 실망스러웠다.
My blood was boiling.	내 피가 끓고 있었다.
Sorry for being late.	늦어서 죄송합니다.
That medicine worked.	그 약은 효과가 있었다.
That medicine worked.	그 약은 잘 들었다.
That's my dictionary.	그건 내 사전이야.
This camera is cheap.	이 카메라는 쌉니다.
This room is too big.	이 방은 너무 커요.
Tom baked three pies.	톰은 파이를 세개 구웠어.
Tom did that already.	톰은 그것을 이미 했어.
Water reflects light.	물은 빛을 반사한다.
What are you washing?	당신은 무엇을 씻고 있습니까?
Why can't they do it?	그들은 왜 그것을 할 수 없죠?
Close your eyes again.	눈을 다시 감으세요.
Do you know this song?	이 노래 알아?
Do you need the phone?	전화 필요하니?
Don't lie anymore, OK?	더 이상 거짓말 하지마, 알았어?
Don't lie anymore, OK?	거짓말 하지 마세요, 알았죠?
He was born in Africa.	그는 아프리카에서 태어났다.
I called Tom for help.	나는 톰에게 도움을 요청했다.
I hate myself as well.	나도 내 자신을 싫어해.
I like Korean cuisine.	전 한국 요리가 좋아요.
I like Korean cuisine.	전 한국 요리를 좋아해요.
I like helping others.	나는 남을 돕는 것을 좋아한다.
I really like puppies.	저는 강아지가 정말 좋아요.
I want to visit Korea.	나는 한국에 들르고 싶다.
I was very busy today.	오늘은 너무 바빴어.
I'll give this to Tom.	내가 이 것을 톰에게 줄거야.
I'm kind of surprised.	좀 놀랐어요.
It happened in Boston.	그것은 보스턴에서 일어났습니다.
Lawyers are all liars.	변호사들은 모두 거짓말쟁이다.
Like father, like son.	그 아빠에 그 아들.
My friends are stupid.	내 친구들은 멍청하다.
Playing tennis is fun.	테니스는 재미있다.
She attempted suicide.	그녀는 자살을 시도했다.
Suicide isn't painful.	자살은 고통스럽지 않아.
There was one witness.	목격자가 한 명 있었다.
They made fun of Mary.	그들이 메리를 즐겁게 했다.
This is my dictionary.	이것은 내 사전이다.
Tom attempted suicide.	톰은 자살을 시도했다.
Tom committed suicide.	톰은 자살했다.
Tom is getting coffee.	톰은 커피를 마시고 있어.
Tom is scared of dogs.	톰은 개를 무서워한다.
Tom was almost killed.	톰은 죽을 뻔 했어.
We ought to leave now.	우리는 지금 떠나야 한다.
What do you call this?	이것을 뭐라고 불러요?
Why did you lie to me?	왜 거짓말했어?
Do you come here a lot?	여기 자주 와?
Do you have a nickname?	별명 있어요?
Don't close the window.	창문을 닫지 마.
He did nothing but cry.	그는 울기만 했다.
He used the dictionary.	그는 사전을 사용했다.
I attended his funeral.	나는 장례식에 참석했다.
I don't understand you.	선생님의 말씀은 이해가 안 됩니다.
I don't understand you.	네가 이해가 안돼.
I'll meet Tom tomorrow.	나 내일 톰 만나려고.
I'm just doing my best.	난 그저 최선을 다하고 있을 뿐이다.
No one listens anymore.	더이상 아무도 듣지 않는다.
She majors in medicine.	그녀는 의학 전공이다.
She majors in medicine.	그녀는 의학을 전공하고 있습니다.
Thanks for the warning.	경고 고마워.
The eggs are still hot.	달걀이 아직 뜨겁다.
This clock is accurate.	이 시계는 정확하다.
Tom doesn't sleep much.	톰은 많이 안 잔다.
Tom had plenty of help.	톰은 많은 도움을 받았다.
Tom hasn't decided yet.	톰은 아직 결정하지 못했다.
We are on the way home.	우리는 집에 가는 중입니다.
We're in the same boat.	우리는 같은 배를 탔다.
What does it feel like?	기분이 어때?
What language was that?	그건 무슨 언어였지?
Can I borrow your phone?	전화기 좀 빌려도 돼?
Can you really not swim?	정말 수영할 줄 몰라?
Don't let them hurt Tom.	그들이 톰을 다치게 하도록 놔두지 마.
He invited me to dinner.	그는 나를 저녁 식사에 초대했다.
I also want to be happy.	나도 행복하고 싶다.
I always get up at 6:30.	나는 항상 아침 6시 30분에 일어난다.
I can hardly believe it.	못 믿겠는데.
I don't like this store.	이 가게 마음에 안들어.
I hate myself sometimes.	난 가끔 내 자신이 싫어.
I hope that I can do it.	내가 할 수 있길 바라.
I take back what I said.	아까 한 말 취소야.
I want to see you smile.	난 당신이 웃는 걸 보고 싶어요.
I'd like you to go away.	네가 저리 갔으면 좋겠어.
I'm seeing a trend here.	나는 여기서 유행(경향)을 본다.
Is this your dictionary?	이것은 당신의 사전입니까?
Kick as hard as you can.	최대한 세게 차.
Kick as hard as you can.	최대한 세게 차세요.
Let's get a group photo.	단체 사진을 찍읍시다.
Let's go somewhere warm.	따뜻한 곳에 가자.
Our wedding is tomorrow.	우리의 결혼식은 내일이다.
Sometimes I hate myself.	가끔 내 자신이 싫어.
Stay a while and listen.	가만히 좀 들어.
Tell me what's going on.	무슨 일인지 얘기해봐.
Tell me what's going on.	무슨 일인지 얘기해 주세요.
The keys were in my bag.	열쇠는 내 가방에 있었다.
This dictionary is mine.	이 사전은 내 것이다.
Tom certainly thinks so.	톰은 틀림없이 그렇게 생각해.
Tom is in the same boat.	톰은 같은 처지다.
Tom looks pretty sleepy.	톰은 상당히 졸려 보인다.
Tom was totally into it.	탐은 그 것에 푹 빠져 있었다.
We'll take care of that.	우리가 그것을 맡겠다.
What do you want to eat?	뭐 먹고 싶어?
Where do you want to go?	너 어디 가고 싶니?
A square has four angles.	사각형은 각이 4개다.
Can you help me a little?	조금 도와주실 수 있습니까?
Did you make it yourself?	직접 만드신 거예요?
Don't treat me like that.	나를 그렇게 대하지 마.
Everyone loves a freebie.	모두가 공짜를 좋아한다.
Greece is an old country.	그리스는 오래된 나라이다.
How badly was Tom beaten?	톰이 얼마나 심하게 맞았니?
How's the business going?	사업 어떻게 되어 가?
I can't live without you.	너 없인 못 살아.
I got injured doing that.	제가 그러다가 다쳤었어요.
I'm getting really tired.	나는 정말 피곤해지고 있다.
It looks like it'll rain.	비가 올 것 같아.
Please accept my apology.	제 사과를 받아 주세요.
Samsung is a big company.	삼성은 큰 회사입니다.
Tell Tom that he's wrong.	톰에게 그가 틀렸다고 말해.
That's my responsibility.	그것은 나의 책임이다.
The boys have gone north.	그 소년들은 북쪽으로 갔다.
Tom asked for a discount.	톰은 할인을 요청했습니다.
Tom asked for a discount.	톰은 값을 깎아달라고 했다.
Tom didn't move a muscle.	톰은 움직이지 않았다.
Tom doesn't look so well.	탐은 그다지 좋아보이지 않는다.
Tom gave it some thought.	탐은 이것에 대해 생각을 해봤다.
Tom hurt Mary's feelings.	톰은 메리의 감정을 상하게 했다.
Tom sat in the front row.	톰은 앞 줄에 앉았다.
Tom sold his car to Mary.	톰은 그의 차를 메리에게 팔았다.
Wait for us in the lobby.	로비에서 기다려 주세요.
We had to keep it secret.	우리는 그것을 비밀에 부쳐야 했다.
Whose dictionary is this?	이건 누구 사전입니까?
Yesterday was a good day.	어제는 좋은 날이었다.
Are you going to use this?	이걸 쓰실 겁니까?
Culture destroys language.	문화가 언어를 망친다.
Do you think Tom is lying?	너는 톰이 거짓말을 하고 있다고 생각하니?
French bread is delicious.	프랑스 빵은 맛있어.
French bread is delicious.	프랑스 빵은 맛있습니다.
Have you eaten dinner yet?	아직 저녁을 안 드셨나요?
I am four months pregnant.	나는 임신 4개월이다.
I haven't kissed Mary yet.	아직 메리랑 키스 못 해봤어.
I like studying languages.	언어를 공부하는 게 좋아요.
I love learning languages.	언어 공부하는 것을 좋아합니다.
I prefer spring to autumn.	나는 가을보다 봄이 좋아.
I prefer spring to autumn.	가을보다 봄이 좋아요.
I took a walk with my dog.	내 개와 산책했어.
It was nothing but a joke.	농담일 뿐이야.
It's popular in Australia.	호주에서는 인기가 있어요.
Let me help you with that.	제가 도와드릴게요.
Let me help you with that.	내가 도와줄게.
My children are in school.	우리 애들은 학교에 있어요.
Procrastinating is an art.	미루는 것은 일종의 예술이다.
Thanks for your help, Tom.	도와줘서 고마워, 톰.
Thanks for your help, Tom.	도와줘서 고마워요, 톰.
The funeral was yesterday.	장례식은 어제였다.
Tom coughed up some blood.	톰은 조금의 피를 토해냈다.
Tom has braided his beard.	톰은 그의 턱수염을 땋았다.
Tom is lonely and unhappy.	톰은 외롭고 불행해.
Tom went to bed very late.	톰은 엄청 늦게 잤어.
We might need to help Tom.	우리가 톰을 도울 필요가 있을 수도 있다.
We went to Korea by plane.	우리는 비행기로 한국에 갔다.
We're university students.	우리는 대학생입니다.
What in the world is this?	이게 대체 뭐야?
What in the world is this?	이게 대체 뭐예요?
You will know soon enough.	곧 충분히 알게 될거야.
Are we going somewhere now?	지금 어디 가는 길이세요?
Do I look desperate to you?	내가 절박해 보이냐?
Do you want some breakfast?	아침 먹을래?
Do you want to take a walk?	산책하고 싶어?
He made his will last year.	그는 작년에 유언장을 썼습니다.
I didn't ask for your help.	너한테 도와달라고 안했거든.
I do that almost every day.	나는 그것을 거의 매일 한다.
I don't understand English.	나는 영어를 못합니다.
I used to be poor like you.	나는 너처럼 가난했었다.
I wonder if she is married.	그여자 결혼햿는지 궁금한데.
I'm sorry for interrupting.	끼어 들어서 죄송합니다.
I'm sorry for interrupting.	방해해서 죄송합니다.
Is there a pharmacy nearby?	이 근처에 약국 있어요?
It is already nine o'clock.	벌써 아홉시다.
Leave the book where it is.	책을 제자리에 놔 두세요.
Let's stay friends forever.	언제까지나 친구로 지내자.
Men like to look masculine.	남자들은 남성적으로 보이고 싶어한다.
She says she likes flowers.	그녀는 꽃을 좋아한다고 말했다.
Tell me where you're going.	어디가는지 말해줘.
The medicine tastes bitter.	그 약은 쓰다.
The medicine tastes bitter.	그 약은 써요.
There are no stars tonight.	오늘 밤엔 별이 안보이네.
This house is not for sale.	이 집은 팔려고 내놓은 집 아니에요.
Tom grew up in the suburbs.	Tom은 교외에서 자랐다.
Tom has low blood pressure.	톰은 저혈압이다.
Tom initialed the document.	탐은 그 문서에 서명했다.
Tom nodded understandingly.	톰은 이해하고 있다는 듯이 고개를 끄덕였다.
Tom slammed down the phone.	톰은 전화기를 쾅 놓았다.
Tom was very disrespectful.	톰은 매우 무례했다.
We need to review the case.	우리는 그 사건을 검토할 필요가 있다.
We want complete sentences.	우리는 완전한 문장을 원합니다.
We're all in the same boat.	우리는 모두 같은 배를 탔다.
What color is your new car?	너 새차 색깔이 뭐야?
Who's your favorite singer?	좋아하는 가수가 누구야?
Who's your favorite singer?	좋아하는 가수는 누구예요?
Would you mind if I helped?	내가 도와도 괜찮겠니?
You know it doesn't matter.	상관없는 거 알잖아.
Can I take your word for it?	내가 그것에 대한 너의 말을 믿어도 되겠니?
Can the price be discounted?	가격을 깎을 수 있나요?
Do you have to work tonight?	오늘 밤에 일해야 하니?
Have you ever donated blood?	헌혈해 본 적이 있니?
Humans originated in Africa.	인간은 아프리카에서 기원했다.
I haven't finished this yet.	이거 아직도 못 끝냈어.
I live in a small apartment.	나는 작은 아파트에 살아요.
I live in a small apartment.	나는 작은 아파트에서 살아.
I wish I were an only child.	내가 외동이었으면 좋았을 텐데.
I'm in the same boat as you.	나도 너랑 같은 처지야.
I'm still in love with Mary.	나는 아직 메리를 사랑해.
Is that all you want to say?	그게 네가 하고 싶은 말 전부니?
My computer is broken yesterday.	어제 내 컴퓨터는 고장났어요.
Our new car is not very big.	우리의 새 차는 그렇게 크지는 않다.
Please tidy up your bedroom.	네 침실 좀 정리해라.
This is a Turkish tradition.	이건 터키 전통이야.
This is a Korean tradition.	이것은 한국의 전통이야.
Tom and I are house hunting.	톰이랑 나는 집을 구하고 있어.
Tom has high blood pressure.	톰은 고혈압이다.
We'll meet again in October.	우리는 10월에 다시 만날 것이다.
What kind of work do you do?	어떤 종류의 일을 하세요?
When did you come to Boston?	보스턴에 언제 왔어?
Who is your favorite singer?	좋아하는 가수가 누구야?
Who is your favorite singer?	좋아하는 가수는 누구예요?
A Mexican taught him Spanish.	멕시코인이 그에게 스페인어를 가르쳐 주었다.
A Korean taught him English.	한국인이 그에게 영어를 가르쳐 주었다.
He stopped smoking last year.	그 사람 작년에 담배 끊었어.
Her faith in God is unshaken.	그녀의 신앙심은 흔들림이 없다.
Her faith in God is unshaken.	그녀의 신앙심은 견고하다.
Her faith in God is unshaken.	그녀의 신앙심은 굳건하다.
I don't want to go to school.	난 학교에 가기 싫어.
I hate myself for hating Tom.	톰이 싫어서 내 자신이 싫어.
I have to ask Tom a question.	톰에게 물어볼 것이 있습니다.
I have to give Tom this book.	나는 톰에게 이 책을 줘야 합니다.
I'm so glad that you're here.	와줘서 고마워.
I've heard this joke already.	이 농담은 이미 들어봤어.
My grandfather died in Korea.	내 할아버지는 한국에서 돌아가셨다.
That would make a great gift.	좋은 선물이 되겠다.
The old man asked me a favor.	어떤 할아버지가 나한테 부탁을 했어.
This could hurt our business.	이것은 우리 사업을 다치게 할 수도 있다.
This dictionary is expensive.	이 사전은 비싸다.
Tom grew up in a rich family.	톰은 부유한 집안에서 자랐다.
Tom noticed a change in Mary.	톰은 메리의 변화를 눈치챘다.
Tom said Mary was overweight.	톰은 메리가 과다체중이라고 했다.
Tom sat two rows ahead of me.	탐은 나보다 2줄 앞에 앉았다.
Tom wanted a bigger discount.	톰은 더 할인해 주기를 원했다.
Tom wanted a bigger discount.	톰은 더 큰 할인을 원했습니다.
We want you to sing the song.	우리는 네가 그 노래를 불렀으면 좋겠다.
Why don't you leave me alone?	날 좀 가만히 내버려 둬.
You need to accept your role.	넌 너의 역할을 받아들일 필요가 있어.
You've forgotten your change.	잔돈을 잊어버리셨네요.
All that glitters is not gold.	반짝이는 것이 모두 금은 아니다.
Children and drunks don't lie.	아이와 술취한 사람은 거짓말 하지 않는다.
He can speak and write French.	그는 불어로 말하고 쓸 수 있다.
He turned his coat inside out.	그는 코트를 뒤집었다.
He was caught stealing apples.	그는 사과를 훔치다가 잡혔다.
I can't believe Tom confessed.	나는 톰이 자백했다는 것을 믿을 수 없다.
I hated myself for doing that.	그걸 해서 내 자신이 싫었어.
I met an old friend by chance.	우연히 옛날 친구를 만났어.
I thought something was wrong.	나는 뭔가가 잘못되었다고 생각했다.
That's why I've done all this.	그게 내가 이 모든 것을 한 이유이다.
The world is full of problems.	세계는 문제투성이다.
These scissors don't cut well.	이 가위 잘 안들어요.
These scissors don't cut well.	이 가위 잘 안들어.
This is the law of the jungle.	이것이 정글의 법칙이야.
Tom didn't seem to be so busy.	톰 별로 안 바빠 보이던데.
Tom found out what went wrong.	톰은 뭐가 잘못됐는지 알아챘어.
Tom is our next-door neighbor.	톰은 우리의 옆집 이웃이다.
Tom walked towards the stairs.	톰은 계단을 향해 걸어갔다.
Tom will be there to meet you.	톰이 너를 만나러 거기에 갈 거야.
Where is the closest hospital?	제일 가까운 병원이 어디에요?
Are you really willing to help?	진짜로 도와줄 마음이 있어?
Don't pry into my private life.	내 사생활 좀 그만 캐물어.
Don't pry into my private life.	내 사생활은 묻지 말아줘.
Don't pry into my private life.	내 사생활 캐묻지 마.
Five times five is twenty five.	오 곱하기 오는 이십오야.
He is a native English speaker.	그는 영어를 모국어로 사용한다.
I can not answer your question.	나는 당신의 질문에 답할 수 없어요.
I can not answer your question.	나는 네 질문에 답할 수 없어.
I really hate myself right now.	바로 지금 난 내 자신이 싫어.
It rained throughout the night.	밤새 비가 내렸다.
Paris is the capital of France.	파리는 프랑스의 수도다.
Please don't walk on the grass.	잔디를 밟지 마세요.
Please take me to the hospital.	병원으로 데려다 주세요.
Strawberries are in season now.	요즘 딸기가 제철입니다.
That's what I was going to say.	그게 내가 말하려던 거야.
Tom could be seriously injured.	톰은 심각한 부상을 당할 수도 있었다.
Tom doesn't know what he'll do.	톰은 그가 뭘 해야 할지 모른다.
Tom lives in the room above us.	톰은 우리 윗방에 살아.
We'll get there in three hours.	3시간 안에 거기에 도착할 겁니다.
We're not all in the same boat.	우리는 다 같은 처지에 있지 않는다.
Where were you that whole time?	내내 어딨었니?
Who's that in the car with Tom?	차 안에 톰과 같이 있는 사람이 누구야?
Africa is the poorest continent.	아프리카는 가장 가난한 대륙이다.
All these apples are very sweet.	이 사과들은 전부 맛있다.
Does anyone oppose the new plan?	새로운 계획에 반대하는 사람있습니까?
Education is the key to success.	교육이야말로 성공으로 가는 길이야.
Everybody wants permanent peace.	모두가 영원한 평화를 원한다.
Have you finished your homework?	숙제 다 끝냈니?
I don't want to throw that away.	나는 그것을 버리고 싶지 않다.
I have to give this book to Tom.	톰에게 이 책을 줘야 합니다.
I'm a Japanese language teacher.	난 일어 교사다.
I've asked Tom to take my place.	나는 톰에게 내 일 좀 맡아달라고 부탁했다.
I've never been so proud of you.	네가 이렇게 자랑스러운 적은 없었다.
Let me take you to the hospital.	내가 병원으로 데려다 줄게요.
She committed suicide yesterday.	어제 그녀는 자살했다.
There are many books in my room.	내 방에는 책이 정말 많아.
Tom considered changing his job.	톰은 직업을 바꾸는 것을 고려했다.
Tom kicked the ball really hard.	톰은 정말 세게 공을 찼다.
Tom kicked the ball really hard.	톰은 정말 세게 공을 찼습니다.
Tom left us some food and water.	톰은 우리에게 약간의 음식과 물을 남겨주었다.
Tom put his shirt on inside out.	톰이 셔츠를 뒤집어 입었어.
Tom wasn't in when I dropped by.	톰은 내가 들렸을 때 없었다.
Tom wore jeans and a cowboy hat.	톰은 청바지를 입고 카우보이 모자를 썼어.
What in the world happened here?	세상에 여기서 무슨 일이 일어난 거지?
What time are you going to work?	몇시에 일하러 가?
Where did you spend your summer?	여름방학을 어디서 보내셨어요?
Breakfast is served at seven a.m.	아침식사는 오전 7시에 제공됩니다.
Doing that doesn't look too hard.	별로 어려워 보이지 않는 일입니다.
Don't you feel the house shaking?	집이 흔들리는거 같지 않아?
He went on walking for two hours.	그는 두 시간 동안 더 걸었다.
I guess I'm just a little sleepy.	그냥 조금 졸린 것 같아.
I hadn't seen Tom in three years.	지난 3년동안 톰을 보지 못했었어요.
I know I can count on all of you.	나는 내가 너희 모두를 믿을 수 있다는 것을 안다.
I really don't want to miss that.	나는 정말로 그것을 놓치고 싶지 않다.
I'll stay here till you get back.	나는 네가 돌아올 때까지 여기에 있을 것이다.
I'm going to Australia next year.	나는 내년에 호주에 간다.
It looks like it's going to rain.	비가 올 것 같네요.
Let's hear the rest of the story.	이야기를 마저 들어보자.
Let's hear the rest of the story.	이야기를 마저 들어 봅시다.
My friend works at a supermarket.	내 친구는 슈퍼마켓에서 일해.
Some animals are active at night.	어떤 동물들은 야행성이야.
To tell the truth, I felt lonely.	실은 나 외로웠어.
Tom couldn't hold back his anger.	톰은 화를 참을 수 없었다.
Tom seems like a really nice guy.	톰은 정말 좋은 남자처럼 보인다.
We have many varieties of coffee.	우리는 다양한 종류의 커피를 구비하고 있어.
Where in the world have you been?	세상에 너 어디에 있었니?
Can you help me for just a minute?	1분만 도와주시겠어요?
Every country has its own history.	어떤 나라든 역사가 있다.
He was at the bottom of the class.	그는 반에서 꼴찌였습니다.
He was at the bottom of the class.	걔는 반에서 꼴찌였어.
I hope you tore up my last letter.	내 마지막 편지는 찢어 버렸길 바란다.
I like eating fruit for breakfast.	나는 아침으로 과일을 먹는 것을 좋아합니다.
I want to learn Chinese next year.	나는 내년에 중국어를 배우고 싶다.
I would like to visit South Korea.	저는 한국을 방문하고 싶어요.
I'd like to volunteer my services.	봉사활동을 하고 싶습니다.
I'm sorry, but I don't understand.	죄송하지만, 무슨 말인지 모르겠어요.
I'm sorry, but I don't understand.	죄송하지만, 이해하지 못하겠어요.
I'm sorry, but I don't understand.	미안하지만, 모르겠어.
Last year there was a lot of snow.	작년에 눈이 엄청 내렸어.
Learning languages is interesting.	언어를 배우는 것은 재미있다.
My ideas are different from yours.	제 생각은 당신과 다릅니다.
My ideas are different from yours.	내 생각은 너와 달라.
Nothing could sway his conviction.	그 어떤 것도 그의 신념을 꺾을 수 없었다.
She drinks a little wine at times.	걔는 가끔 와인을 좀 마셔.
Snakes are cold-blooded creatures.	뱀들은 냉혈동물이다.
This restroom's toilet is clogged.	이 화장실의 변기는 막혔어요.
Tom and Mary are in the same boat.	톰과 마리는 같은 배를 탔다.
Tom doesn't know why I'm here yet.	톰은 제가 왜 여기 있는지 아직 모릅니다.
Tom has something to do right now.	톰은 당장 할일이 있어.
Tom is not an idle boy any longer.	톰은 이제는 게으른 소년이 아니다.
Tom's explanation was too complex.	톰은 너무 복잡하게 설명해.
We can do this without Tom's help.	우리는 톰의 도움없이 이것을 할 수 있다.
A wise leader knows when to listen.	지혜로운 리더는 언제 들어야 할지를 안다.
He hid himself behind a large rock.	그는 큰 바위 뒤에 숨었다.
He is the dumbest kid in the class.	그는 학급에서 가장 둔한 아이이다.
I asked Tom not to do that anymore.	톰에게 더는 하지 말라고 부탁했다.
I had dinner with a total stranger.	생판 모르는 사람과 저녁을 먹었다.
I'll call you when I get to Boston.	보스턴에 도착하면 전화할게요.
Let's meet in front of the theater.	극장 앞에서 만납시다.
Nothing seems to grow in this soil.	이 흙에서는 아무것도 자라지 않는 것으로 보인다.
The ice is thick enough to walk on.	얼음이 걸어도 될만큼 두꺼워.
The price of oil is down this week.	기름 가격은 이번 주에 떨어졌다.
Three people were slightly injured.	세 사람이 약간 다쳤다.
Tom begin to sing "Happy Birthday".	Tom이 "Happy Birthday" 노래를 부르기 시작했다.
Tom didn't know Mary had a brother.	Tom은 Mary가 남동생이 있는 줄 몰랐어.
Tom didn't know Mary had a brother.	톰은 메리한테 남동생이 있는지 몰랐어.
Tom said he was going to kiss Mary.	톰은 메리에게 키스할 것이라고 말했다.
Why are you so sure of his success?	왜 그의 성공을 그렇게 확신하고 있는 거지?
Why are you telling this to me now?	왜 이걸 지금 말해?
He came to London by way of Siberia.	그 사람은 시베리아를 거쳐서 런던에 왔어.
I have many French-speaking friends.	저에게는 프랑스어를 말하는 많은 친구들이 있습니다.
Is there bus service to the airport?	공항까지 가는 버스가 있나요?
It took me several hours to do that.	그걸 하려고 몇 시간이 걸렸어요.
Japan and South Korea are neighbors.	일본과 남한은 이웃 국가다.
My favorite singer is Kylie Minogue.	내가 좋아하는 가수는 카일리 미노그야.
My favorite singer is Kylie Minogue.	내가 좋아하는 가수는 카일리 미노그입니다.
Please tell me when he arrives here.	그가 여기에 오면 저한테 말해주세요.
There isn't going to be a next time.	다음은 없어.
Tom has been rather busy these days.	톰은 요즘 들어 꽤 바빴다.
Tom says he's almost ready to leave.	톰은 떠날 준비가 거의 다 됐대.
We all thought that Tom had escaped.	우리는 다 톰이 탈출한 줄 알았다.
Why do I always get up at this time?	나는 왜 항상 이 시간에 일어날까?
You're the one who gave us all this.	우리에게 이 모든 걸 준 사람이 바로 당신이다.
I should've checked Tom's references.	톰의 말을 확인했어야 했다.
I think what Tom is doing is amazing.	나는 탐이 하고 있는 일이놀랍다고 생각한다.
Seoul is the capitаl of South Korea.	서울은 남한의 도시다.
Some children do not like vegetables.	일부 애들은 야채를 안좋아해.
The world doesn't revolve around you.	세계는 너를 중심으로 돌아가지 않는다.
Tom doesn't want to get into trouble.	톰은 말썽에 휘말리고 싶어하지 않았지.
Tom filled the wheelbarrow with sand.	톰은 외바퀴 손수레를 모래로 채웠다.
Tom hasn't finished his homework yet.	톰은 아직 숙제를 안 했다.
When does your winter vacation begin?	겨울 방학은 언제 시작하나요?
Everyone except Tom went to the party.	톰만 빼고 다들 파티에 갔어.
How many times do I need to repeat it?	몇 번을 반복해야 해?
How many times do I need to repeat it?	몇 번을 반복해야 하나요?
I know a good lawyer who can help you.	당신을 도와줄 수 있는 괜찮은 변호사를 알고 있습니다.
I often borrow books from the library.	나는 도서관에서 종종 책을 빌린다.
I should have listened more carefully.	내가 좀 더 귀기울여 들었어야 했는데.
I wish there was more I could've done.	내가 할 수 있는게 더 있었으면 좋았을 걸.
I'm not quite sure who we should hire.	누구를 채용해야 할지 확신이 안 서.
My father is to visit Korea next week.	나의 아버지는 다음 주에 한국으로 가기로 되어 있다.
There were a few children in the room.	몇 명의 아이들이 방에 있었다.
Tom and John pretended to be brothers.	톰이랑 존은 형제인 척 했다.
Tom works in research and development.	톰은 연구 개발을 하고 있어요.
What do you think this sentence means?	이 문장이 무슨 뜻인 것 같아?
What languages do they speak in Korea?	한국에서는 무슨 언어로 말합니까?
Buy eggs at the store on your way home.	돌아올 때 슈퍼마켓에서 계란 사 와.
He attributes his success to hard work.	그는 그의 성공을 그가 열심히 일한것에 대해 공을 돌렸다
How did you spend your winter vacation?	겨울방학 어떻게 보냈어?
How did you spend your winter vacation?	겨울 방학은 어떻게 지냈나요?
I have to introduce Tom to the manager.	나는 톰을 매니저에게 소개시켜줘야 합니다.
I watched TV after I washed the dishes.	설거지 끝내고 티비 봤어.
It's dangerous to go outside right now.	지금 당장 밖으로 나가는 것은 위험하다.
That was the only way we could do that.	그게 우리가 할 수 있는 유일한 방법이었습니다.
The sooner you do it, the better it is.	더 빨리할수록 좋다.
This restaurant is busier on Saturdays.	이 음식점 토요일에는 더 붐벼.
Tom and his brother look quite similar.	톰이랑 톰네 형은 진짜 닮았어.
Tom still hasn't responded to my email.	톰이 아직도 내 이메일에 답장을 안했어.
Tom volunteered to pay for the damages.	톰은 손해배상금을 지불할 것을 자청했다.
What is the difference between A and B?	A와 B의 차이가 뭐예요?
He is going to leave tomorrow afternoon.	그는 내일 오후에 떠날 예정이다.
His brave actions are worthy of a medal.	그의 용감한 행동은 메달을 받을 만한 가치가 있다.
She lives with him in a small apartment.	그녀는 작은 아파트에서 그와 함께 살고 있어요.
This is a bit too loose around my waist.	이건 허리가 좀 너무 크네.
Tom changed his mind at the last minute.	톰은 마지막 순간에 마음을 바꿨다.
Tom has a guitar that was made in Korea.	톰은 한국에서 만들어진 기타를 가지고 있다.
Tom seems to be worried about something.	톰은 뭔가를 걱정하는 것 처럼 보여.
Yesterday, I simply couldn't go to work.	나는 어제 단지 출근할 수 없었어.
You can't expect much sympathy from Tom.	너는 톰에게서 많은 동정심을 바랄 수는 없다.
Don't believe everything people tell you.	사람들이 말하는 전부를 믿지는 마.
For the first time in ages, I slept late.	오랜만에 늦게까지 잤는데.
He deposited the prize money in the bank.	그는 상금을 은행에 입급했다.
I have been ill in bed since last Friday.	난 지난 금요일부터 아파서 누워있어.
I like your cat, but she doesn't like me.	나는 네 고양이가 좋은데, 네 고양이는 나를 싫어하네.
In 1950, North Korea invaded South Korea.	1950년에, 북한은 남한을 침공했다.
It took me three hours to clean my house.	집을 청소하는데 3시간이 걸렸습니다.
Remember that we're all in the same boat.	우리 모두가 같은 한 배를 탔다는 걸 기억해라.
She is always at the bottom of the class.	그녀는 항상 반에서 꼴찌입니다.
She is always at the bottom of the class.	걔는 항상 반에서 꼴찌야.
The price of gold varies from day to day.	금값은 매일 변한다.
We graduate from high school at eighteen.	우리는 18살에 고등학교를 졸업합니다.
We graduate from high school at eighteen.	우리는 18살에 고등학교를 졸업해.
Where did you spend your summer vacation?	여름방학을 어디서 보냈어?
Where did you spend your summer vacation?	여름방학을 어디서 보내셨어요?
Have you met any Canadians here in Boston?	여기 보스턴에서 캐나다 사람을 만난 적이 있나요?
How do you calculate the volume of a cube?	정육면체의 부피를 어떻게 계산합니까?
I should have told you everything earlier.	너한테 모든 걸 좀 더 빨리 얘기했어야 했는데.
Now we have one less thing to worry about.	이제 우리는 걱정 거리가 하나 줄었다.
She is more beautiful than any other girl.	그녀는 누구보다도 아름다워요.
There is no bus service after nine-thirty.	9시 반 이후엔 버스가 다니지 않아요.
Tom isn't likely to pass the driving test.	톰은 운전면허 시험에 떨어질 듯 하다.
Tom should be here within fifteen minutes.	톰은 십오분 안에 여기에 있어야 해.
We don't know whether Tom can come or not.	우리는 톰이 올수 있을지 없을지 모릅니다.
Have you ever seen Tom not wearing glasses?	톰이 안경 벗은 거 본 적 있어?
There is nothing you have to be ashamed of.	부끄러워 할 거 없어요.
Tom liked to listen to Mary play the piano.	톰은 메리가 피아노 치는 것을 듣는 것을 좋아했다.
Tom told me where I could buy pomegranates.	톰이 어디서 석류를 살 수 있는지 말해 주었다.
He often attributes his success to his wife.	그는 종종 그의 성공을 그의 아내의 공으로 돌리곤 한다.
I didn't know that you used to teach French.	나는 네가 프랑스어를 가르쳤는지 몰랐어.
I have to take the entrance exams next year.	나 내년에 입학시험을 봐야 돼.
It's not as easy to do that as people think.	사람들이 생각하는 것 만큼 쉽지는 않아요.
People who ignore history tend to repeat it.	역사를 무시하는 사람들은 역사를 되풀이하게 된다.
Tom and Mary live in a very small apartment.	톰과 메리는 매우 작은 아파트에 살고 있어요.
Tom told his friends that he never ate meat.	톰은 친구들에게 고기를 먹은 적이 한 번도 없다고 했다.
Tom went to Korea as a Christian missionary.	톰은 선교사로서 한국에 갔다.
Tom's birthday was the day before yesterday.	톰의 생일은 그저께였다.
What in the world do you think you're doing?	세상에 네가 뭘 하고 있다고 생각하는 거니?
Certain religions are against organ donation.	어떤 종교는 장기 기증을 금지하기도 해.
Don't add sentences from copyrighted sources.	저작권이 있는 출처의 문장을 추가하지 마십시오.
Don't sign the document until you've read it.	서류를 읽기 전에는 사인하지 마세요
I haven't been getting a lot of sleep lately.	나는 요즘 잠을 많이 못잤어요.
I'm looking for a hat to match a brown dress.	갈색 드레스와 어울리는 모자를 찾고 있어요.
This year, Valentine's Day falls on a Sunday.	올해는 발렌타인 데이가 일요일이다.
Upon hearing the news, she broke down crying.	그녀는 그 소식을 듣자마자 울음을 터뜨렸다.
Upon hearing the news, she broke down crying.	그녀는 그 소식을 듣자마자, 울음을 터뜨렸습니다.
Tom lives in a small apartment on Park Street.	톰은 파크 스트리트의 작은 아파트에서 살고 있다.
You haven't told Tom you're married, have you?	너 결혼한거 톰한테 말 안했구나, 그치?
You look tired, so you should go to bed early.	피곤해 보이니까 일찍 자는 것이 좋겠다.
It requires more courage to suffer than to die.	죽는 일보다 고통 받는 일이 더 많은 용기를 필요로 한다.
The Mona Lisa was painted by Leonardo da Vinci.	모나리자는 레오나르도 다빈치가 그렸어.
Tom currently lives alone in a small apartment.	탐은 현재 작은 아파트에서 혼자 살고 있다.
You need good equipment to climb that mountain.	저 산에 오르려면 좋은 장비가 있어야 돼.
Are there any students from Korea in your class?	너의 반에 한국에서 온 학생이 있니?
Tom says he doesn't think Mary ought to do that.	톰은 마리가 그것을 해야만 한다고 생각하지 않는다고 말했다.
Tom told Mary he wouldn't let her go by herself.	톰은 메리에게 그는 그녀를 혼자 가게 하지는 않겠다고 말했다.
We're moving to Boston at the end of this month.	우리는 이달 말에 보스턴으로 이사를 합니다.
You had bacon and eggs for breakfast, didn't you?	아침에 베이건이랑 달걀 먹었잖아, 그치?
It's difficult for me to express myself in French.	프랑스어로 자기소개를 하는 것은 내게 어려운 일이다.
This English book is too difficult for me to read.	이 영어 책은 내가 읽기엔 너무 어렵다.
Tom said he didn't want to go to the park with us.	톰은 우리랑 같이 공원에 가고 싶지 않대.
He left the office without saying a word to anyone.	그는 사람들에게 말 한 마디 없이 사무실을 떠났다.
I used to go swimming in the sea when I was a child.	내가 어릴 때는 바다에 수영하러 가곤 했었지.
If it is worth doing at all, it is worth doing well.	할 가치가 있는 일이면, 제대로 하십시오.
Is there anything you want us to send you from home?	우리가 집에서 너에게 보내줬으면 하는 거 없니?
There are more than six billion people in the world.	지구상의 인구는 60억 이상이야.
Could you please tell me again where you put the key?	키를 어디다 뒀는지 다시 얘기해 주시겠어요?
He breathed deeply before entering his boss's office.	그는 상사의 사무실로 들어가기 전에 심호흡을 했다.
I am not quite sure if we can meet your requirements.	우리가 당신의 요구를 충족시켜 드릴 수 있을지 모르겠네요.
I don't have much money, but I can get along somehow.	나는 돈이 별로 없지만, 그럭저럭 지낼 수 있다
Weather permitting, we'll start on our trip tomorrow.	날씨가 허락한다면, 우리는 내일 여행을 시작할 것이다.
Her dress attracted everyone's attention at the party.	그 여자가 파티에 입고 온 드레스가 사람들의 눈길을 끌었지.
Please come here between two and three this afternoon.	오늘 오후 두시에서 세시 사이에 여기로 와 주세요.
What's the difference between religion and philosophy?	종교와 철학의 차이점은 무엇입니까?
A piece of cake.	식은 죽 먹기지요.
Absolutely.	절대적으로 그렇지요.
After you.	먼저 가시지요.
Always.	항상 그렇지요.
Amazing.	신기 하군요.
And then?	그리고 나서는요?
Any good ideas?	어떤 좋은 생각 있어요?
Any time.	언제라도요.
Anybody home?	집에 누구있어요?
Anything else?	그 밖에 뭐 있어요?
Are you in line?	당신은 줄에 서 있어요?
Are you kidding?	당신 농담이에요?
Are you serious?	당신은 심각 해요?
At last.	드디어.
Attention, please!	좀 주목 해 주세요.
Awesome!	와우, 멋지다.
Back me up.	저를 지원해 주세요.
Be my guest.	사양하지 마세요.
Be patient.	좀 참으세요.
Be punctual!	시간좀 맞춰.
Be right back with you.	곧 당신에게 돌아올께요.
Be seated.	앉으세요.
Beat it.	이자리에서 꺼져.
Beer, please.	맥주 주세요.
Behave yourself.	행동을 자제하세요.
Better late than never.	늦는 것이 안 하는 것보다 낫지요.
Better than nothing.	없는 것 보다 낫지요.
It hurts.	그것 아픈데.
Break it up.	그만 싸워요.
Call me Sam, please.	샘이라고 불러 주세요.
Can I get a ride?	나를 태워다 줄 수 있어요?
Can you hear me now?	지금 나와 이야기 할 수 있어요?
Can't argue with that.	그것에 대해서 왈가왈부 할 필요가 없지요.
Can't be better than this.	이것보다는 좋을 순 없지요.
Cash or charge?	현찰이요 아니면 달아 놓을 까요?
Catch you later.	나중에 보자구요.
Certainly.	확실히 그렇지요.
Charge it please.	대금을 크레디 카드에 달아 놓으세요.
Check it out.	이것을 확인해 보세요.
Check, please.	계산서 좀 주세요.
Cheer up!	기운을 내세요!
Cheers!	건배!
Coffee, please.	커피 주세요.
Come and get it.	와서 먹어요.
Come on in.	들어오세요.
Come on.	설마.
Congratulations!	축하 합니다.
Could be.	그럴 수도 있겠지요.
Couldn't be better then this.	이보다 더 좋을 순 없어.
Definitely.	확실히.
Delicious!	맛있어요.
Depends.	경우에 따라 다르지요.
Did you get it?	알아 들었어요?
Didn't I make myself clear?	제 입장을 확실하게 말하지 않았나요?
Disgusting!	기분 나빠.
Do I look all right?	제가 괜찮아 보여요?
Do you follow me?	내말 알아 듣겠어요?
Do you have everything with you?	모든 것을 가지셨나요?
Do you?	당신은요?
Doing okay?	잘 하고 있어요?
Don't get too serious.	너무 심각하게 그러지 말아요.
Don't miss the boat.	기회를 놓지지 마세요.
Don't press your luck.	너무 날 뛰지 마세요.
Don't push your luck.	행운을 믿지 말아요.
Don't ask.	묻지 말아요.
Don't be a chicken.	너무 소심하게 굴지 말아요.
Don't be afraid.	두려워 하지 마세요.
Don't be foolish.	멍청하게 굴지 말아요.
Don't be modest.	겸손해 하지 말아요.
Don't be shy.	부끄러워 하지 마세요.
Don't be silly.	싱겁게 놀지 말아요.
Don't bother.	신경쓰지 마세요.
Don't bother me.	나를 괴롭게 하지 말아요.
Don't change the subject.	화제를 다른데로 돌리지 마요.
Don't get into trouble.	사고 치지마.
Stay out of trouble.	사고 치지마.
Don't get upset.	너무 화 내지 말아요.
Don't mess with me.	날 함부로 대하려고 하지 말아요.
Don't let me down.	나를 실망시키지 말아요.
Don't make me laugh.	나를 웃게하지 말아요.
Don't push me!	너무 강요하지 말아요.
Don't push!	밀지 말아요.
Don't worry about it.	걱정하지 말아요.
Drive safely.	안전하게 운전해요.
Easy does it.	천천히 해요.
Either will do.	둘중에 어떤 것이든 되요.
Anything will do.	어떤 것이든 되요.
Enjoy your meal.	맛있게 드세요.
Enough is enough.	충분 하니까 이제 그만 해요.
Exactly.	정확하게 맞어요.
Excellent.	잘 했어요.
Excuse me.	실례합니다.
Far from it.	아직 멀었지요.
Fifty-fifty.	오십대 오십입니다.
Follow me.	따라 오세요.
For good?	영원히?
For what?	무엇을 위해서요?
Forget it.	잊어 버리세요.
Get in the line.	줄을 서세요.
Get off my back.	이제 나를 고만 괴롭혀요.
Get real.	냉정해 지세요.
Get the picture?	이제 뭔가 그림이 보이세요?
Give it a rest.	이제 그만 두세요.
Give it a rest.	이만 좀 쉬세요.
Give it a try.	노력 해 보세요.
Give me a call.	제게 전화 주세요.
Gladly.	기꺼이 하지요.
Go ahead.	어서 그렇게 하세요.
Go fifty-fifty.	반반 나누어 내지요.
Go for it.	시도해봐요.
Go get it.	가서 가지세요.
Go on, please.	어서 계속 하세요.
Going down?	내려 가세요?
Going up?	올라 가세요?
Good enough.	그 정도면 충분 합니다.
Good for you.	당신에게 좋은 일이지요.
Good luck to you!	당신에게 행운을 빕니다.
Good luck.	행운을 빕니다.
Good talking to you.	당신과의 대화는 즐거 웠어요.
Grow up!	좀 철좀 들어라.
Guess what?	뭔지 알아 맞추어 봐요.
Hang in there.	좀 견디어 봐요.
Hang loose.	좀 편히 쉬고 있어요.
Hang on!	잠깐 기다리세요.
Have a nice day.	나이스한 날 되세요.
Have fun!	재미있게 지내세요.
He didn't show up.	그 는 나타나지 않았어요.
He is history to me.	그 는 나에게 지난 일이에요.
Help me!	도와 주세요.
Help yourself.	마음껏 하세요.
Here is something for you.	여기 작은 선물 받으세요.
Here you are.	여기에 있어요.
Hold it.	움직이지 마요.
Hold on.	잠깐 기다리세요.
How about you?	당신은 어때요?
How big is it?	얼마나 큰데요?
How come?	왜요?
How do you like here?	여기 좋아 하세요?
How have you been?	그 동안 어떻게 지냈어요?
How many times do I have to say?	몇번이나 말해야 알겠어요?
How many?	수가 얼마지요?
How much?	양이 얼마지요?
How was your trip?	여행은 어땠어요?
How was your vacation?	휴가는 어땠어요?
How?	어떻게?
How's everything?	모든 것이 어떻세요?
How's work?	일은 어때요?
How's you family?	가족은 잘 있어요?
I agree.	동의합니다.
I am touched.	전 감동받았어요.
I am deeply touched.	저는 정말 감동받았어요.
I am a little disappointed.	저는 좀 실망했어요.
I am all set.	난 모든 준비 완료.
I am aware of that.	저는 그것을 파악하고 있습니다.
I am back.	저 돌아 왔습니다.
I am broke.	나는 무일푼입니다.
I am coming.	지금 가요.
I am crazy about her.	나는 그녀에 빠졌어요.
I am exhausted.	전 기진맥진입니다.
I am fed up with this.	전 이것에 진저리가 났어요.
I am free.	저는 한가합니다.
I am full.	전 배불러요.
I am getting hungry.	저는 슬슬 배가 고픕니다.
I am going to miss you.	나는 너를 그리워 할 거야.
I am impressed.	저는 감동 받았어요.
I am in a hurry.	저는 좀 바쁩니다.
I am in need.	궁색합니다.
I am nearsighted.	저는 근시입니다.
I am on duty.	저는 근무중입니다.
I am scared to death.	난 무서워 죽겠어요.
I am serious.	난 진심이에요.
I am short-changed.	잔돈이 모자라는데요.
I am single.	나는 미혼입니다.
I am sorry.	미안해요.
I am starving to death.	배가 고파 죽겠네여.
I am stuffed.	배가 부르네요.
I am upset.	화가 납니다.
I can handle it.	내가 다룰 수 있어요.
I can not handle it anymore.	난 더 이상 다룰 수 가 없어요.
I can't afford that.	전 그것을 감당 할 수 없어요.
I can't help it.	어쩔수 없어요.
I can't say for sure.	확실히는 말 못 하겠어요.
I can't stand it.	견딜 수 가 없군.
I can't thank you enough.	너무 감사해서 뭐라고 할 말이 없네요.
I didn't mean to.	난 그렇게 할 의도는 아니었어요.
I didn't mean it.	난 그렇게 할 의도는 아니었어요.
I don't believe it.	난 그것을 믿지 않아요.
I don't care.	상관하지 않아요.
I don't get it.	이해를 못하겠네.
I don't like it.	난 그것을 좋아 하지 않아요.
I doubt it.	의심이 가는데요.
I fee the same way.	저도 같은 느낌입니다.
I get it.	알았어요.
I got lost.	난 길을 잃었어요.
I have got to go now.	난 가야 겠어요.
I have had enough.	난 이제 진저리가 나요.
I quit.	그만 둘래요.
I hardly know him.	나는 그 사람을 잘 모릅니다.
I have a long way to go.	난 갈길이 멀었지요.
I have no appetite.	난 식욕이 없네요.
I have no clue.	난 아이디어가 전혀 없네요.
I have no energy.	나는 에너지가 없어요.
I have no idea.	난 별 생각이 없네요.
I have no time.	나는 시간이 없어요.
I haven't got all day.	좀 빨리좀 해 주세요.
I haven't got all day.	제가 지금 시간이 없어요.
I hear you loud and clear.	잘 들고 있습니다.
I know what!	저 뭔가 알아요.
I love it.	난 그것을 좋아해.
I made it.	그것을 달성해 냈다.
I mean it.	농담 아니에요.
I owe you one.	신세를 지네요.
I see.	알겠습니다.
I still love you.	나는 너를 아직도 사랑해.
I swear to God.	난 하나님한테 맹세합니다.
I taught myself.	난 독학했습니다.
I was lucky.	내가 행운이었지요.
I was told that.	누군가 나에게 그것을 말해 주었어요.
I will be in touch.	제가 연락을 할께요.
I will do it for you.	제가 해 드리지요.
I will drink to that.	그것에 동감입니다.
I will get it.	전화등을 제가 받을께요.
I will miss you.	난 너를 그리워 할거야.
I will never make it on time.	내가 제시간에 가기는 틀렸군.
I wouldn't say no.	아니라고는 말하지 않을께여.
I'm coming.	가요, 갑니다.
In a sense, he is nothing but a suit.	어떤 면에서는 그는 헛깨비지요.
Is that all?	그게 전부에요?
It is chilly.	날이 쌀쌀 하네.
It is humid.	후덥지근 하네.
It is muggy.	날이 찌프듯 하네.
It is out of style.	유행이 아니네요.
It is painful for me.	나에겐 슬픈 일입니다.
It is time for lunch.	점심 식사할 시간입니다.
It is time to go.	갈 시간입니다.
It is windy.	바람이 부네.
It makes sense.	이해가 되네요.
It takes time.	시간이 걸립니다.
It's for you.	여기요 전화 왔어요.
It's not fair.	불공평 합니다.
It's all right.	괜찮습니다.
It's beautiful.	아름 답군요.
It's cool.	세련되어 보이네요.
Cool.	멋있네요.
It's free.	공짜입니다.
It's freezing.	얼어 붙을 정도로 춥네.
It's my fault.	내 잘못이지요.
It's not my fault.	내 잘못이 아닙니다.
It's all your fault.	모든게 네 잘 못이야.
It's my pleasure.	제게 기쁨입니다.
It's my turn.	이번에 내 차례입니다.
It's now or never.	지금이 절호의 기회입니다.
It's on me.	이건 제가 쏘는 겁니다.
It's on the house.	이것은 주인집에서 그냥 주는 겁니다.
It's really bad.	아주 나빠요.
It's tough.	터프 하네요.
It's tough.	힘들군요.
It's your turn.	당신 차례입니다.
Just kidding.	그냥 농담이에요.
Just looking.	그냥 보는 거에요.
Just a moment.	잠깐만요.
Keep an eye on this, will you?	이것좀 봐주실래요?
Keep going.	계속 가세요.
Keep in touch.	계속 연락해요.
Keep it confidential.	대외 비밀로 해 주세요.
Keep it to yourself.	당신만 알고 계세요.
Keep looking.	계속해서 찾아 봐요.
Keep out of my way.	제 길을 막지 마세요.
Keep the change.	잔돈을 가지세요.
Keep your chin up.	낙담하지 말고 기운을 내요.
Knock it off.	그만 두세요.
Large or small?	큰거요 아니면 작은 거요?
Let it be!	그렇게 되도록 두지요.
Let me see.	어떻게 된건지 보자.
Let me think about it.	그것에 대해서 좀 생각 해 봅시다.
Let's give him a big hand.	그에게 큰 박수를 보냅시다.
Let's call it a day.	오늘은 이것으로 마칩시다.
Let's eat out.	외식해요.
Let's get down to business.	이제 일을 시작하지요.
Let's get together sometime.	언제 같이 모여 보지요.
Let's go over it one more time.	자 한번 더 살펴 보지요.
Let's see.	좀 봅시다.
Let's split the bill.	나누어서 내지요.
Let's try.	한번 해보지요.
Look who's here.	아니 이게 누구야.
Lucky you!	자네 운이 좋았어.
Make a way!	길을 비켜 주세요.
Make mine well done.	내것은 잘 익도록 해줘요.
Make that two, please.	그것을 2개로 해 주세요.
Make yourself at home.	집처럼 편하게 하세요.
Many thanks in advance.	미리 감사 드려요.
Many thanks.	정말 고마워요.
May I interrupt you?	제가 좀 실례를 해도 될까요?
Maybe.	그럴지도 모르지요.
Maybe not.	그렇지 않을지도 모르지요.
Maybe some other time.	다른 때 해 보자구요.
Me, too.	나도 그래.
Money talks.	돈이 만사를 좌우해.
Most likely.	아마도 그럴 것입니다.
My pleasure.	제 기쁨입니다.
Never better.	최고에요.
Never mind.	신경쓰지 않아도 되요.
Never say die.	죽는다는 소리 마라.
Never too late.	언제나 늦지 않습니다.
Next time.	다음번에.
Nice meeting you.	만나서 반가워요.
Nice talking to you.	좋은 대화 였어요.
No kidding.	설마 농담이겠지.
No problem.	문제없어.
No way.	절대 안되요.
No wonder.	어쩐지 그렇더라.
Not a chance.	기회가 없어요.
Not a chance.	절대 안되지요.
Not bad.	나쁘지 않은데요.
Not really.	그렇지는 않아.
Not too good.	썩 좋지가 않네요.
Not too bad.	썩 나쁘지 않네요.
Nothing much.	별거 없어.
Nothing new.	새로운 것은 없어요.
Nothing new about that.	그것에 대해선 새로운게 없어요.
Now what?	자 이제는 뭐죠?
Now you are talking.	이제사 바르게 말을 하시는군요.
Occupied.	사용중.
Oh, dear.	아니 저런.
Okay.	그래.
Okey dokey.	좋아요.
On the contrary.	반대로.
Once in a blue moon.	아주 가끔요.
Ouch!	아야!
Out of question.	질문의 여지가 없습니다.
Pick it up.	주우세요.
Please enjoy yourself.	좀 즐겁게 지내세요.
Please relax.	좀 느긋해 지세요.
Please!	제발!
Poor thing.	안쓰러워요.
Pretty good!	정말 좋지요!
Really?	정말이에요?
Relax.	좀 느긋해져요.
Same here.	저도 동감입니다.
Same to you.	당신도요.
Say cheese!	치즈!
Say hello for me.	나대신 안부 전해줘요.
Say that again?	다시 말씀 해 주실래요?
See you later.	나중에 봐요.
See you.	나중에 봐요.
Serious?	진심에요?
Shame on you.	창피 한줄 아세요.
She is my style.	그녀는 내 타입이에요.
She is not my style.	그녀는 내 타입이 아니예요.
She is very sophisticated.	그녀는 매우 세련되었어요.
Skip it.	다음으로 넘어가요.
So much for that.	이제 그일은 그만 하지요.
So soon?	그리 빨리?
So what?	그래서 어떻다는 겁니까?
Sold out.	팔렸어요.
Something's fishy.	뭔가 이상한데.
Something's never changed.	어떤 것은 정말 안 변하는군.
Sorry to bother you.	번거롭게 해서 죄송 합니다.
Sounds good.	듣기에 좋군요.
Speak out.	말좀 크게 하세요.
Speaking.	말하세요.
Speaking Spanish?	스페인어 하세요?
Stay cool.	진정해요.
Stay longer.	좀더 계시지요.
Stay out of trouble.	말썽을 부리지 말아요.
Stick around.	옆에 있어 보세요.
Stick with it.	포기하지 말고 계속 해봐요.
Stop complaining.	불평좀 그만 하시지요.
Suit yourself.	좋은 대로 하세요.
Sure.	물론.
Sure thing.	확실한 것이지요.
Sweet dreams.	즐거운 꿈 꾸세요.
Take a guess.	맞춰 보세요.
Can you guess?	맞춰 보실래요?
Take my word for it.	그것에 대해서는 내 말을 따라요.
Take your time.	천천히 하세요.
Tell me about it.	그것에 대해서 한번 말해 보세요.
Thank God.	하나님 감사 합니다.
Thanks for calling.	전화 주셔서 감사 해요.
Thanks for everything.	여러가지로 고마워요.
Thanks for the compliment.	칭찬해 주셔서 감사합니다.
Thanks for the ride.	차를 태워다 주어서 고마워요.
Thanks, but no thanks.	감사해요, 그러나 사양해요.
That depends.	그야 경우에 따라서 이지요.
That figures.	알겠네요.
That happens.	그런일이 일어나지요.
That should help.	도움이 될 것입니다.
That sounds good.	듣기에 좋군요.
That will be the day.	그렇게 되면 오죽 좋겠어요.
That's a steal.	거저 가져 가는 셈이지요.
That's all right.	그냥 되었어요.
That's all there is to it.	그렇게 하면 되는 그게 전부야.
That's all?	그게 전부에요?
That's enough about that.	그 것은 그정도로 충분합니다.
That's enough.	이제 되었어요.
That's good.	잘 되었어요.
That's hard to say.	말하기 곤란 한데요.
That's it.	바로 그거야.
That's a nice surprise.	이거 뜻밖인데요.
That's not fair.	불공평 합니다.
That's unfair.	불공평 합니다.
That's right.	맞습니다.
That's the way to go.	바로 그겁니다.
That's what I mean.	그게 제가 말하는 것이지요.
There you are.	여기 있습니다.
Things will work out all right.	일이 잘 될 것입니다.
This is just between you and me.	우리들 끼리의 비밀입니다.
This is not much.	약소 합니다.
This is urgent.	긴급입니다.
This one?	이것 말이에요?
Time will tell.	시간이 말해 줄것입니다.
Time's up.	이제 시간이 되었어요.
Too bad.	안 되었군요.
Too expensive.	너무 비싸네.
To the best of my knowledge.	내가 알기로는.
Trust me.	나를 믿으세요.
Try again.	다시 해 보세요.
Unbelievable.	믿을 수가 없네.
Wait a minute.	잠시만 기다리세요.
Watch out!	위험해!
Watch your language.	말 조심해요.
We are in the same boat.	우리는 같은 운명이지요.
Welcome home.	집에 온것을 환영합니다.
Well done.	잘 했어요.
What a nerve!	뻔뻔하군요!
What a relief!	이제 맘이 놓인다!
What a shame.	이게 무슨 창피한 노릇인가?
What about it?	그게 어떤데요?
What about you?	당신은 어때요?
What about me?	나는 어때요?
What brings you here.	어떻게 오셨지요?
What did you say?	뭐라구요?
What do you do?	직업이 뭐지요?
What do you know?	무엇을 알고 있지요?
What do you mean?	무슨 의미지요?
What do you say?	어떠세요?
What do you think of it?	이것에 대해서 뭐라고 생각 하세요?
What do you think?	무엇이라고 생각 하세요?
What for?	뭐 때문이지요?
For what?	뭐 때문이지요?
What makes you say that?	무슨 근거로 그렇게 말 하세요?
What time is it?	몇시지요?
What's it called?	그것을 뭐라고 부르지요?
What's today's special?	오늘 특선 요리가 뭐지요?
Whatever you say.	뭐라고 하시던지요.
What's happening?	어떻게 지내요?
What's new?	그동안 새로운 거 있었어요?
What's the big deal?	뭐가 그 난리에요?
What's the point?	요점이 뭐지요?
What's up?	어떠세요?
What's wrong?	뭐가 문제야요?
When?	언제?
Where are we?	우리가 어디에 있지요?
Where did you stay?	어디에 머물렀지요?
Where do you live?	어디에 사세요?
Where is a drugstore?	약국이 어디에 있지요?
Where to?	어디로?
Which one?	어느 것이요?
Who cares!	알게 뭐야 상관하지 않아.
Who is it?	누구시지요?
Who knows?	누가 알겠어
Who's there?	거기 누구죠?
Who's calling?	누구시지요?
Why didn't I think of that?	왜 그걸 생각 못했지?
Why not?	왜 않되는데?
Why?	왜요?
Win-win situation.	둘다 이기는 셈이지요.
With pleasure.	기꺼이.
Would you like some?	좀 해 볼래요?
Wow.	와우.
You are a lucky duck.	당신은 행운아입니다.
You are driving me crazy.	나를 신경질 나게 만드네요.
You are getting better.	당신은 점점 좋아지네요.
You are soaked!	흠뻑 젖었군요.
You are teasing me.	나를 놀리시는 군요.
You're telling me.	안 들어도 알고 있어요.
You are too much.	당신 너무 하는군요.
You bet?	내기 할래?
You cannot fool me.	날 속이지는 못하지요.
You can say that again.	지당한 말씀이지요.
You first.	먼저 하세요.
You flatter me.	칭찬이 과하시네요.
You have a wrong number.	전화를 잘 못 거셨어요.
You got it.	이해를 하셨군요.
You have lost me.	저를 놓치셨어요.
You look good.	좋아 보이네요.
You must be crazy.	당신은 미쳤군요.
You name it.	말씀만 하세요.
You said it.	말한게 맞아요.
You should get in shape.	몸을 좀 가꾸는게 좋겠는데요.
You stay out of it.	넌 이것에 끼어 들지마.
You went too far this time.	이번엔 좀 과하셨군요.
You win.	당신이 이겼어요.
You're wasting your time.	당신은 당신의 시간만 낭비하고 있어요.
You're welcome.	천만에요.
How do you do?	처음 뵙겠습니다.
I'm glad to meet you.	만나서 반갑습니다.
I've heard a lot about you.	당신에 대해 말씀 많이 들었습니다.
I'm honored to meet you.	만나 뵙게 되어 영광입니다.
I've been wanting to meet you for along time.	오래 전부터 당신을 만나고 싶었습니다.
How're you?	안녕하세요?
How're you getting along these days?	요즘 어떻게 지내십니까?
How are you doing?	어떻게 지내십니까?
How's it going?	어떻게 지내십니까?
How're things going?	어떻게 지내십니까?
How's everything with you?	어떻게 지내십니까?
Is everything all right?	만사형통하신가요?
Is everything OK?	만사형통하신가요?
What's new?	별일없이 지내세요?
Have a good day.	좋은 하루 되십시요.
I need a new car.	나는 새 차가 필요해.
I need a vacation.	나는 휴가가 필요해.
I need some advice.	나는 조언이 필요해.
I need a haircut.	머리를 잘라야겠다.
I hope it snows.	눈이 내렸으면 좋겠다.
I hope it's OK with you.	네가 좋다고 하면 좋겠다.
I hope you can make it.	네가 그것을 만들 수 있으면 좋겠다.
I hope my plane leaves on time.	내가 탈 비행기가 제시간에 출발 했으면 좋겠다.
Can I give you a hand?	도와드릴까요?
Can I get you something?	뭔가 갖다 드릴까요?
Can I take a message?	메시지를 받아 드릴까요?
Perhaps you'd like this.	아마도 이것이 마음에 드실 겁니다.
You know what?	있잖아.
Did you hear the news?	그 얘기, 들었어?
Have you heard?	들었어?
Guess what I just found out.	재미있는 얘기를 들었어.
You won't believe this.	넌 이걸 믿을 수 없을 거야.
That's a long story.	얘기하자면 길어.
It's not just a rumor.	사실이야.
Is it that important?	그렇게 중요한 거야?
Let's talk.	우리 말 좀 하자.
I need to talk.	나 할 얘기가 있어.
There is something I want to talk to you about.	너에게 하고 싶은 말이 있어.
May I have a word with you?	너랑 얘기 좀 할 수 있어?
Do you have a moment?	시간 좀 있어?
You got a minute?	좀 괜찮겠습니까?
May I ask you a question?	개인적인 질문을 해도 괜찮겠습니까?
Are you with someone?	다른 분과 함께이세요?
Are you alone?	혼자세요?
Do you come here often?	여기엔 자주 오십니까?
Is this your first time here?	여기는 처음입니까?
I come here a lot.	여긴 자주 옵니다.
Today is my first time.	여기는 오늘 처음입니다.
I come here every Saturday.	여기에 매주 토요일마다 오고 있습니다.
I came here once with a friend.	이전에 한 번 친구와 온 적이 있습니다.
